{"cameraMode":{"drawMode":0,"name":"Shaded","section":"Shading Mode"},"sceneLighting":false,"audioPlay":false,"sceneViewState":{"showFog":true,"showMaterialUpdate":false,"showSkybox":false,"showFlares":true,"showImageEffects":true,"showParticleSystems":true},"in2DMode":false,"pivot":{"x":-0.9178667068481445,"y":9.33262825012207,"z":-0.6370477676391602},"rotation":{"x":-0.0203006099909544,"y":0.903805673122406,"z":-0.42528435587882998,"w":-0.04314340651035309},"size":17.901201248168947,"orthographic":false}