{"cameraMode":{"drawMode":0,"name":"Shaded","section":"Shading Mode"},"sceneLighting":true,"audioPlay":false,"sceneViewState":{"showFog":true,"showMaterialUpdate":false,"showSkybox":false,"showFlares":true,"showImageEffects":true,"showParticleSystems":true},"in2DMode":false,"pivot":{"x":338.0,"y":335.2789306640625,"z":1.0226445198059083},"rotation":{"x":0.02209419757127762,"y":0.8987725973129273,"z":0.045597102493047717,"w":-0.4354865550994873},"size":445.9849853515625,"orthographic":false}