{"cameraMode":{"drawMode":0,"name":"Shaded","section":"Shading Mode"},"sceneLighting":false,"audioPlay":false,"sceneViewState":{"showFog":true,"showMaterialUpdate":false,"showSkybox":false,"showFlares":true,"showImageEffects":true,"showParticleSystems":true},"in2DMode":false,"pivot":{"x":4.656612873077393e-10,"y":0.00811712071299553,"z":-1.5366822481155397e-8},"rotation":{"x":0.3366798162460327,"y":0.6117724180221558,"z":-0.32224616408348086,"w":0.6391772627830505},"size":0.6470922231674194,"orthographic":false}