{"cameraMode":{"drawMode":0,"name":"Shaded","section":"Shading Mode"},"sceneLighting":false,"audioPlay":false,"sceneViewState":{"showFog":true,"showMaterialUpdate":false,"showSkybox":false,"showFlares":true,"showImageEffects":true,"showParticleSystems":true},"in2DMode":false,"pivot":{"x":-0.0000209808349609375,"y":12.190542221069336,"z":-0.0000095367431640625},"rotation":{"x":0.3856525421142578,"y":-0.0404081866145134,"z":0.016916507855057718,"w":0.9216200113296509},"size":17.536354064941408,"orthographic":false}