{"cameraMode":{"drawMode":0,"name":"Shaded","section":"Shading Mode"},"sceneLighting":false,"audioPlay":false,"sceneViewState":{"showFog":true,"showMaterialUpdate":false,"showSkybox":false,"showFlares":true,"showImageEffects":true,"showParticleSystems":true},"in2DMode":false,"pivot":{"x":-0.031955718994140628,"y":2.506854772567749,"z":0.0000057220458984375},"rotation":{"x":-0.0203006099909544,"y":0.903805673122406,"z":-0.42528435587882998,"w":-0.04314340651035309},"size":9.07689094543457,"orthographic":false}