{"cameraMode":{"drawMode":0,"name":"Shaded","section":"Shading Mode"},"sceneLighting":false,"audioPlay":false,"sceneViewState":{"showFog":true,"showMaterialUpdate":false,"showSkybox":false,"showFlares":true,"showImageEffects":true,"showParticleSystems":true},"in2DMode":false,"pivot":{"x":-8.642673492431641e-7,"y":0.3369213342666626,"z":9.57399606704712e-7},"rotation":{"x":0.041952356696128848,"y":0.9202022552490234,"z":-0.37536296248435976,"w":0.10284449905157089},"size":0.3768670856952667,"orthographic":false}