{"cameraMode":{"drawMode":0,"name":"Shaded","section":"Shading Mode"},"sceneLighting":true,"audioPlay":false,"sceneViewState":{"showFog":true,"showMaterialUpdate":false,"showSkybox":false,"showFlares":true,"showImageEffects":true,"showParticleSystems":true},"in2DMode":false,"pivot":{"x":1.6408648490905762,"y":-0.42939090728759768,"z":-1.5182104110717774},"rotation":{"x":-0.2540278732776642,"y":0.7427413463592529,"z":-0.47640618681907656,"w":-0.3960649371147156},"size":8.483391761779786,"orthographic":false}