{"cameraMode":{"drawMode":0,"name":"Shaded","section":"Shading Mode"},"sceneLighting":false,"audioPlay":false,"sceneViewState":{"showFog":true,"showMaterialUpdate":false,"showSkybox":false,"showFlares":true,"showImageEffects":true,"showParticleSystems":true},"in2DMode":false,"pivot":{"x":0.11323097348213196,"y":-0.24047017097473145,"z":0.22462546825408936},"rotation":{"x":0.041952356696128848,"y":0.9202022552490234,"z":-0.37536296248435976,"w":0.10284449905157089},"size":1.0268352031707764,"orthographic":false}