{"cameraMode":{"drawMode":0,"name":"Shaded","section":"Shading Mode"},"sceneLighting":true,"audioPlay":false,"sceneViewState":{"showFog":true,"showMaterialUpdate":false,"showSkybox":false,"showFlares":true,"showImageEffects":true,"showParticleSystems":true},"in2DMode":false,"pivot":{"x":338.0,"y":335.2789306640625,"z":1.0226445198059083},"rotation":{"x":0.0014046861324459315,"y":0.9953215718269348,"z":0.014621743932366372,"w":-0.09554310888051987},"size":642.3032836914063,"orthographic":false}