{"cameraMode":{"drawMode":0,"name":"Shaded","section":"Shading Mode"},"sceneLighting":false,"audioPlay":false,"sceneViewState":{"showFog":true,"showMaterialUpdate":false,"showSkybox":false,"showFlares":true,"showImageEffects":true,"showParticleSystems":true},"in2DMode":false,"pivot":{"x":-0.052449941635131839,"y":2.871593952178955,"z":-0.05244016647338867},"rotation":{"x":-0.0203006099909544,"y":0.903805673122406,"z":-0.42528435587882998,"w":-0.04314340651035309},"size":8.63343620300293,"orthographic":false}