{"cameraMode":{"drawMode":0,"name":"Shaded","section":"Shading Mode"},"sceneLighting":false,"audioPlay":false,"sceneViewState":{"showFog":true,"showMaterialUpdate":false,"showSkybox":false,"showFlares":true,"showImageEffects":true,"showParticleSystems":true},"in2DMode":false,"pivot":{"x":0.6679092645645142,"y":0.7699179649353027,"z":-0.7005615234375},"rotation":{"x":0.019347283989191057,"y":0.9501821994781494,"z":-0.3052181005477905,"w":0.06022799387574196},"size":2.046083688735962,"orthographic":false}