{"cameraMode":{"drawMode":0,"name":"Shaded","section":"Shading Mode"},"sceneLighting":false,"audioPlay":false,"sceneViewState":{"showFog":true,"showMaterialUpdate":false,"showSkybox":false,"showFlares":true,"showImageEffects":true,"showParticleSystems":true},"in2DMode":false,"pivot":{"x":9.359791874885559e-8,"y":0.0009696520864963532,"z":9.685754776000977e-8},"rotation":{"x":0.3366798162460327,"y":0.6117724180221558,"z":-0.32224616408348086,"w":0.6391772627830505},"size":0.035515811294317248,"orthographic":false}