{"cameraMode":{"drawMode":0,"name":"Shaded","section":"Shading Mode"},"sceneLighting":false,"audioPlay":false,"sceneViewState":{"showFog":true,"showMaterialUpdate":false,"showSkybox":false,"showFlares":true,"showImageEffects":true,"showParticleSystems":true},"in2DMode":false,"pivot":{"x":0.00002830103039741516,"y":-0.02234809659421444,"z":0.016558736562728883},"rotation":{"x":0.3366798162460327,"y":0.6117724180221558,"z":-0.32224616408348086,"w":0.6391772627830505},"size":0.13458096981048585,"orthographic":false}